{
    "step": 2,
    "Accuracy": 0.8827999830245972,
    "Loss": 0.28768017888069153
}