{
    "step": 1,
    "Accuracy": 0.8708999752998352,
    "Loss": 0.33260974287986755
}