{"accuracy": 0.8342333436012268, "loss": 0.5403428673744202}