{"accuracy": 0.8260999917984009, "loss": 0.605363130569458}