{"accuracy": 0.8226666450500488, "loss": 0.6072371006011963}