{"accuracy": 0.8238499760627747, "loss": 0.543511152267456}