{"accuracy": 0.835016667842865, "loss": 0.5106432437896729}