{"accuracy": 0.8383333086967468, "loss": 0.5161550045013428}